{
  "polynomial": "f(x)=2x^2+-5x+3",
  "coefficients": { "a": 2, "b": -5, "c": 3 },
  "roots": ["1.5","1"],
  "test_cases": [
    { "x": "2", "base": 2, "value_raw": "111", "y_decimal": "7", "f_x": "1" },
    { "x": "1", "base": 6, "value_raw": "13444211440455345511", "y_decimal": "3136909300290356593", "f_x": "0" },
    { "x": "2", "base": 15, "value_raw": "aed7015a346d635", "y_decimal": "78573474792245365", "f_x": "1" },
    { "x": "3", "base": 15, "value_raw": "6aeeb69631c227c", "y_decimal": "31276965286860972", "f_x": "6" },
    { "x": "4", "base": 16, "value_raw": "e1b5e05623d881f", "y_decimal": "101894468495431775", "f_x": "11" },
    { "x": "5", "base": 8, "value_raw": "316034514573652620673", "y_decimal": "438429138471270267", "f_x": "18" },
    { "x": "6", "base": 3, "value_raw": "2122212201122002221120200210011020220200", "y_decimal": "110053101346121002", "f_x": "27" },
    { "x": "7", "base": 3, "
